ARGUMENTS	VALUES	GROUPS
data	SeqVarGDSClass	fct.call.args
interactive.filter	TRUE	fct.call.args
detect.duplicate.genomes	FALSE	fct.call.args
dup.threshold	NULL	fct.call.args
distance.method	manhattan	fct.call.args
genome	FALSE	fct.call.args
threshold.common.markers	NULL	fct.call.args
blacklist.duplicates	TRUE	fct.call.args
parallel.core	3	fct.call.args
verbose	TRUE	fct.call.args
internal	FALSE	fct.call...
parameters	list	fct.call...
path.folder	filter_rad_20201118@1515	fct.call...
random.seed	676871	fct.call...
